ID,Category
153079,DEF
239085,DEF
158023,DEF
215914,DEF
200145,DEF
155862,DEF
231747,DEF
192985,DEF
189511,DEF
206113,DEF
209658,DEF
213345,DEF
231281,DEF
162835,DEF
233049,DEF
212218,DEF
183277,DEF
192387,DEF
185122,DEF
208830,DEF
201535,DEF
208670,DEF
223848,DEF
222492,DEF
168542,DEF
143076,DEF
138956,DEF
152729,DEF
232363,DEF
180206,DEF
192563,DEF
198176,DEF
200458,DEF
204923,DEF
209989,DEF
199451,DEF
212188,DEF
212462,DEF
215698,DEF
216393,DEF
220440,DEF
220651,DEF
224334,DEF
229880,DEF
146536,DEF
190460,DEF
197445,DEF
199482,DEF
203486,DEF
192774,DEF
205069,DEF
204639,DEF
199564,DEF
208418,DEF
208574,DEF
207862,DEF
208093,DEF
189242,DEF
207863,DEF
229668,DEF
232656,DEF
229906,DEF
230375,DEF
168435,DEF
187961,DEF
178562,DEF
224293,DEF
205659,DEF
205678,DEF
209960,DEF
210413,DEF
213565,DEF
217940,DEF
221087,DEF
176676,DEF
178750,DEF
179645,DEF
193105,DEF
193283,DEF
193301,DEF
197965,DEF
197655,DEF
227796,DEF
199042,DEF
227928,DEF
230347,DEF
230384,DEF
234396,DEF
241486,DEF
173731,DEF
209297,DEF
208596,DEF
208461,DEF
210406,DEF
210935,DEF
216189,DEF
216409,DEF
202695,DEF
203551,DEF
170890,DEF
171877,DEF
172871,DEF
178086,DEF
183574,DEF
187754,DEF
195365,DEF
198950,DEF
197853,DEF
199110,DEF
199823,DEF
200949,DEF
200888,DEF
202651,DEF
201119,DEF
234742,DEF
201519,DEF
237238,DEF
239207,DEF
240130,DEF
241095,DEF
245304,DEF
120533,DEF
251700,DEF
153244,DEF
156519,DEF
163489,DEF
220182,DEF
223959,DEF
226491,DEF
230201,DEF
230204,DEF
230313,DEF
233096,DEF
232432,DEF
212187,DEF
212814,DEF
204638,DEF
205175,DEF
205693,DEF
205569,DEF
206467,DEF
207599,DEF
207877,DEF
210665,DEF
219683,DEF
202857,DEF
204259,DEF
203890,DEF
197225,DEF
198031,DEF
201922,DEF
199254,DEF
176635,DEF
171579,DEF
169588,DEF
245295,DEF
245306,DEF
45186,DEF
148119,DEF
168609,DEF
230498,DEF
232293,DEF
233927,DEF
234035,DEF
235805,DEF
240243,DEF
241184,DEF
240679,DEF
240950,DEF
220018,DEF
222400,DEF
220093,DEF
222028,DEF
222501,DEF
223053,DEF
223578,DEF
224196,DEF
228251,DEF
227055,DEF
208135,DEF
211575,DEF
212096,DEF
211748,DEF
219792,DEF
193041,DEF
202126,DEF
164240,DEF
163587,DEF
181291,DEF
210243,DEF
210514,DEF
186942,DEF
188350,DEF
188377,DEF
192629,DEF
201399,DEF
191043,DEF
212151,DEF
225100,DEF
199845,DEF
201153,DEF
226271,DEF
229391,DEF
237692,DEF
236792,DEF
202811,DEF
203841,DEF
205632,DEF
205600,DEF
205988,DEF
210035,DEF
182494,DEF
186345,DEF
229558,DEF
230256,DEF
235374,DEF
227290,DEF
216201,DEF
179846,DEF
236583,DEF
236987,DEF
238794,DEF
244260,DEF
245294,DEF
245300,DEF
220793,DEF
222331,DEF
222716,DEF
227127,DEF
204399,DEF
205686,DEF
205849,DEF
196432,DEF
243812,DEF
244470,DEF
245297,DEF
247851,DEF
255475,DEF
170368,DEF
230251,DEF
230767,DEF
231447,DEF
233738,DEF
235410,DEF
236506,DEF
236401,DEF
234612,DEF
220253,DEF
220523,DEF
208920,DEF
211022,DEF
212616,DEF
194022,DEF
194209,DEF
199575,DEF
202477,DEF
201455,DEF
178509,DEF
179944,DEF
180216,DEF
181786,DEF
184431,DEF
185221,DEF
188081,DEF
245298,DEF
246669,DEF
248243,DEF
124375,DEF
230360,DEF
230406,DEF
231691,DEF
234236,DEF
234835,DEF
219733,DEF
222943,DEF
224069,DEF
224490,DEF
225711,DEF
210537,DEF
200529,DEF
202024,DEF
202325,DEF
186537,DEF
187936,DEF
190813,DEF
192045,DEF
193061,DEF
143001,DEF
165109,DEF
172114,DEF
173221,DEF
173208,DEF
171897,DEF
172962,DEF
238227,DEF
240690,DEF
230371,DEF
230349,DEF
231521,DEF
230965,DEF
232487,DEF
231633,DEF
235619,DEF
234730,DEF
234833,DEF
235945,DEF
236496,DEF
224422,DEF
224394,DEF
225997,DEF
227890,DEF
228295,DEF
220287,DEF
221697,DEF
207664,DEF
220421,DEF
208004,DEF
210047,DEF
210897,DEF
212067,DEF
212491,DEF
212602,DEF
213051,DEF
213135,DEF
200094,DEF
200215,DEF
201042,DEF
201377,DEF
202282,DEF
203487,DEF
204105,DEF
204341,DEF
193683,DEF
177600,DEF
179605,DEF
177392,DEF
178415,DEF
186190,DEF
183899,DEF
188988,DEF
251691,DEF
251696,DEF
251412,DEF
251809,DEF
104389,DEF
143121,DEF
146952,DEF
238067,DEF
238160,DEF
239956,DEF
240471,DEF
241907,DEF
241049,DEF
242187,DEF
232670,DEF
232999,DEF
232905,DEF
234574,DEF
235073,DEF
235149,DEF
235794,DEF
230208,DEF
230317,DEF
230328,DEF
230425,DEF
230457,DEF
230463,DEF
231102,DEF
225403,DEF
229624,DEF
220196,DEF
220710,DEF
221540,DEF
223710,DEF
223329,DEF
214977,DEF
215051,DEF
215270,DEF
215441,DEF
215689,DEF
206654,DEF
216350,DEF
207554,DEF
207807,DEF
216158,DEF
208045,DEF
208621,DEF
208787,DEF
210212,DEF
208509,DEF
210761,DEF
204277,DEF
204308,DEF
205211,DEF
204760,DEF
198513,DEF
198861,DEF
199069,DEF
199580,DEF
199633,DEF
199935,DEF
200054,DEF
200316,DEF
200677,DEF
200353,DEF
190765,DEF
190734,DEF
191076,DEF
191687,DEF
192427,DEF
179527,DEF
182945,DEF
183714,DEF
185422,DEF
185431,DEF
157301,DEF
158133,DEF
158625,DEF
163264,DEF
163301,DEF
169595,DEF
251116,DEF
251221,DEF
251353,DEF
252371,DEF
251804,DEF
253272,DEF
253385,DEF
241497,DEF
241707,DEF
242118,DEF
242656,DEF
242816,DEF
243952,DEF
236276,DEF
236311,DEF
236477,DEF
236817,DEF
238095,DEF
235997,DEF
231150,DEF
231410,DEF
231640,DEF
232938,DEF
233848,DEF
233500,DEF
228736,DEF
229593,DEF
229804,DEF
229980,DEF
230213,DEF
230224,DEF
230250,DEF
230252,DEF
230336,DEF
224444,DEF
224520,DEF
225028,DEF
225363,DEF
225562,DEF
225475,DEF
225783,DEF
225863,DEF
225793,DEF
219814,DEF
220905,DEF
220746,DEF
221053,DEF
221919,DEF
220948,DEF
222429,DEF
215148,DEF
215251,DEF
215443,DEF
211381,DEF
211706,DEF
212127,DEF
212269,DEF
212432,DEF
208520,DEF
209620,DEF
209440,DEF
209781,DEF
209744,DEF
210281,DEF
210450,DEF
211107,DEF
211267,DEF
213951,DEF
213991,DEF
216283,DEF
216320,DEF
218066,DEF
219455,DEF
223198,DEF
223885,DEF
227222,DEF
224218,DEF
228236,DEF
228279,DEF
230388,DEF
234045,DEF
234102,DEF
235008,DEF
235944,DEF
239342,DEF
246113,DEF
245322,DEF
134744,DEF
142902,DEF
146963,DEF
146748,DEF
147006,DEF
170597,DEF
173474,DEF
172723,DEF
176571,DEF
186905,DEF
189433,DEF
189712,DEF
198140,DEF
201505,DEF
202493,DEF
205407,DEF
205431,DEF
205566,DEF
206058,DEF
212204,DEF
212300,DEF
212623,DEF
216380,DEF
216549,DEF
216816,DEF
216939,DEF
219244,DEF
224151,DEF
224116,DEF
224540,DEF
229942,DEF
231786,DEF
232144,DEF
232223,DEF
232440,DEF
236045,DEF
237043,DEF
244316,DEF
246960,DEF
244263,DEF
247030,DEF
247641,DEF
189250,DEF
176495,DEF
189423,DEF
190243,DEF
190143,DEF
197756,DEF
199206,DEF
205364,DEF
205966,DEF
206493,DEF
207421,DEF
206304,DEF
207441,DEF
214947,DEF
215399,DEF
215639,DEF
222515,DEF
223627,DEF
228747,DEF
224371,DEF
229582,DEF
229773,DEF
230182,DEF
230331,DEF
236593,DEF
244193,DEF
244778,DEF
245296,DEF
245158,DEF
246172,DEF
246646,DEF
175254,DEF
194932,DEF
184703,DEF
178250,DEF
198230,DEF
199641,DEF
207494,DEF
206590,DEF
208364,DEF
214766,DEF
215071,DEF
216435,DEF
218339,DEF
226221,DEF
228413,DEF
228687,DEF
230212,DEF
236355,DEF
240709,DEF
140233,DEF
159145,DEF
171791,DEF
175379,DEF
189505,DEF
189682,DEF
189881,DEF
202935,DEF
204884,DEF
203747,DEF
204538,DEF
205923,DEF
206545,DEF
213956,DEF
216145,DEF
216194,DEF
216531,DEF
226456,DEF
226851,DEF
237942,DEF
238476,DEF
189271,DEF
185103,DEF
184941,DEF
200724,DEF
200726,DEF
189690,DEF
210455,DEF
211241,DEF
213516,DEF
216475,DEF
230938,DEF
245305,DEF
245309,DEF
245313,DEF
164835,DEF
221363,DEF
221992,DEF
226166,DEF
247263,DEF
220834,DEF
224232,DEF
177413,DEF
182493,DEF
207410,DEF
208421,DEF
211256,DEF
225850,DEF
228618,DEF
226161,DEF
239818,DEF
231478,DEF
188567,DEF
235243,DEF
176580,DEF
177003,DEF
183898,DEF
211110,DEF
188545,DEF
216352,DEF
202556,DEF
239053,DEF
242444,DEF
41236,DEF
231443,DEF
195859,DEF
194404,DEF
193698,DEF
168651,DEF
162347,DEF
208450,DEF
208375,DEF
207790,DEF
213666,DEF
207683,DEF
213654,DEF
205409,DEF
206098,DEF
205402,DEF
205989,DEF
207562,DEF
201303,DEF
200759,DEF
201860,DEF
201862,DEF
202429,DEF
203067,DEF
204713,DEF
205343,DEF
193133,DEF
194728,DEF
194957,DEF
195668,DEF
196934,DEF
198653,DEF
190547,DEF
190607,DEF
191180,DEF
181318,DEF
182495,DEF
183129,DEF
183376,DEF
183497,DEF
183569,DEF
183895,DEF
185174,DEF
185195,DEF
251528,DEF
251410,DEF
251712,DEF
149185,DEF
152912,DEF
153048,DEF
153275,DEF
243245,DEF
243780,DEF
244206,DEF
244385,DEF
244393,DEF
237604,DEF
239795,DEF
239808,DEF
239872,DEF
239978,DEF
235183,DEF
235454,DEF
235688,DEF
235866,DEF
235883,DEF
236245,DEF
236393,DEF
231414,DEF
232709,DEF
233061,DEF
233267,DEF
233791,DEF
233113,DEF
230240,DEF
230255,DEF
230353,DEF
230339,DEF
230361,DEF
230422,DEF
230468,DEF
227394,DEF
227647,DEF
228729,DEF
229221,DEF
230021,DEF
225144,DEF
225182,DEF
225252,DEF
225591,DEF
225647,DEF
225653,DEF
225719,DEF
225859,DEF
220782,DEF
220901,DEF
222461,DEF
222514,DEF
221354,DEF
223154,DEF
223138,DEF
223334,DEF
223570,DEF
223608,DEF
215892,DEF
216247,DEF
216385,DEF
216742,DEF
216814,DEF
216813,DEF
219087,DEF
219536,DEF
212449,DEF
212715,DEF
213242,DEF
214350,DEF
214436,DEF
214665,DEF
208919,DEF
208737,DEF
209827,DEF
210438,DEF
210423,DEF
211461,DEF
208449,DEF
205990,DEF
205995,DEF
206198,DEF
206114,DEF
202848,DEF
204355,DEF
204493,DEF
204497,DEF
200228,DEF
200826,DEF
201046,DEF
190653,DEF
192129,DEF
192091,DEF
192146,DEF
192445,DEF
192565,DEF
186589,DEF
188879,DEF
189410,DEF
176794,DEF
178322,DEF
178416,DEF
178625,DEF
182168,DEF
182184,DEF
137494,DEF
139860,DEF
182629,DEF
182744,DEF
184252,DEF
189461,DEF
190034,DEF
189725,DEF
194904,DEF
194761,DEF
194359,DEF
195586,DEF
204977,DEF
205360,DEF
205427,DEF
208001,DEF
208250,DEF
212232,DEF
215123,DEF
212260,DEF
219571,DEF
215798,DEF
220172,DEF
220715,DEF
220763,DEF
224030,DEF
224258,DEF
226382,DEF
226376,DEF
226414,DEF
226537,DEF
230198,DEF
230507,DEF
231108,DEF
230829,DEF
230529,DEF
234573,DEF
234774,DEF
234789,DEF
236498,DEF
236537,DEF
241509,DEF
246708,DEF
178091,DEF
165769,DEF
178255,DEF
179591,DEF
179752,DEF
180808,DEF
179783,DEF
181271,DEF
186351,DEF
186551,DEF
186648,DEF
188253,DEF
188770,DEF
192546,DEF
192665,DEF
192667,DEF
199386,DEF
200519,DEF
200630,DEF
167753,DEF
164082,DEF
161754,DEF
158856,DEF
125871,DEF
199767,DEF
199313,DEF
198760,DEF
198200,DEF
196942,DEF
175932,DEF
175895,DEF
172287,DEF
246069,DEF
246420,DEF
246836,DEF
246870,DEF
247802,DEF
248820,DEF
241130,DEF
241569,DEF
241769,DEF
241981,DEF
241976,DEF
242392,DEF
243055,DEF
243388,DEF
236998,DEF
237629,DEF
237595,DEF
238194,DEF
238988,DEF
234819,DEF
234824,DEF
235526,DEF
235658,DEF
236075,DEF
236076,DEF
236298,DEF
231044,DEF
231207,DEF
231292,DEF
231445,DEF
231627,DEF
231838,DEF
232270,DEF
232869,DEF
230282,DEF
230333,DEF
230358,DEF
230411,DEF
230435,DEF
230445,DEF
230482,DEF
230487,DEF
230665,DEF
228182,DEF
228349,DEF
228415,DEF
228892,DEF
229476,DEF
225668,DEF
225844,DEF
226517,DEF
226777,DEF
229636,DEF
220854,DEF
221001,DEF
221430,DEF
221908,DEF
221885,DEF
222951,DEF
216199,DEF
216325,DEF
216447,DEF
216481,DEF
216701,DEF
217605,DEF
214388,DEF
214369,DEF
214771,DEF
214955,DEF
211862,DEF
211879,DEF
212035,DEF
212456,DEF
212476,DEF
213017,DEF
213063,DEF
208440,DEF
208522,DEF
208622,DEF
209547,DEF
208892,DEF
209937,DEF
210259,DEF
210695,DEF
204496,DEF
205295,DEF
206006,DEF
206104,DEF
201136,DEF
201971,DEF
200463,DEF
196150,DEF
198355,DEF
198599,DEF
199131,DEF
199151,DEF
191388,DEF
192495,DEF
191628,DEF
192841,DEF
192930,DEF
193186,DEF
193201,DEF
193468,DEF
193549,DEF
193844,DEF
188802,DEF
188400,DEF
189043,DEF
189303,DEF
189388,DEF
181573,DEF
189508,DEF
182859,DEF
182888,DEF
183540,DEF
185132,DEF
185427,DEF
172018,DEF
172672,DEF
173178,DEF
173857,DEF
176619,DEF
177273,DEF
176942,DEF
177149,DEF
149184,DEF
162220,DEF
163083,DEF
163261,DEF
162297,DEF
163488,DEF
164959,DEF
252931,DEF
253157,DEF
253170,DEF
253946,DEF
255687,DEF
257821,DEF
258208,DEF
244863,DEF
245021,DEF
241496,DEF
241607,DEF
241635,DEF
242577,DEF
239322,DEF
239671,DEF
240095,DEF
240332,DEF
236524,DEF
236556,DEF
236696,DEF
237109,DEF
237161,DEF
237122,DEF
237211,DEF
233732,DEF
233730,DEF
234577,DEF
231628,DEF
231749,DEF
231985,DEF
232163,DEF
232358,DEF
232510,DEF
232514,DEF
232546,DEF
232498,DEF
232655,DEF
230369,DEF
230420,DEF
230441,DEF
230464,DEF
230501,DEF
230503,DEF
229631,DEF
229595,DEF
230074,DEF
227706,DEF
227939,DEF
228231,DEF
224508,DEF
224524,DEF
224537,DEF
224763,DEF
222160,DEF
222464,DEF
222204,DEF
222553,DEF
222537,DEF
222844,DEF
222982,DEF
223033,DEF
218745,DEF
219293,DEF
219411,DEF
219911,DEF
220876,DEF
220048,DEF
220739,DEF
214983,DEF
215079,DEF
215157,DEF
215334,DEF
212618,DEF
212933,DEF
213620,DEF
209780,DEF
210129,DEF
210313,DEF
211231,DEF
206219,DEF
206222,DEF
206606,DEF
206550,DEF
207454,DEF
202678,DEF
202994,DEF
202746,DEF
203038,DEF
203128,DEF
203751,DEF
203884,DEF
204193,DEF
204233,DEF
204247,DEF
204771,DEF
205081,DEF
200429,DEF
201093,DEF
201368,DEF
197786,DEF
198128,DEF
198348,DEF
198455,DEF
198617,DEF
199000,DEF
198350,DEF
192242,DEF
192567,DEF
192732,DEF
193584,DEF
194063,DEF
189930,DEF
190593,DEF
184626,DEF
184501,DEF
186140,DEF
176630,DEF
177299,DEF
179551,DEF
180359,DEF
181404,DEF
182959,DEF
183249,DEF
140498,DEF
158800,DEF
162221,DEF
253537,DEF
255578,DEF
247072,DEF
247450,DEF
247827,DEF
248003,DEF
251503,DEF
251292,DEF
248095,DEF
246728,DEF
251181,DEF
243526,DEF
244068,DEF
244272,DEF
244625,DEF
244582,DEF
242162,DEF
240730,DEF
240875,DEF
241159,DEF
241166,DEF
241720,DEF
241406,DEF
241823,DEF
241937,DEF
242530,DEF
238507,DEF
238637,DEF
239041,DEF
239048,DEF
239645,DEF
239810,DEF
239845,DEF
235623,DEF
235717,DEF
235983,DEF
235781,DEF
236213,DEF
236267,DEF
236303,DEF
233977,DEF
234100,DEF
234333,DEF
234203,DEF
234195,DEF
234457,DEF
234624,DEF
232255,DEF
232459,DEF
232517,DEF
232898,DEF
233231,DEF
230315,DEF
230342,DEF
230484,DEF
230855,DEF
228804,DEF
229091,DEF
229260,DEF
229321,DEF
229453,DEF
229360,DEF
229541,DEF
229628,DEF
229606,DEF
230117,DEF
225206,DEF
225682,DEF
225995,DEF
226583,DEF
226604,DEF
226697,DEF
227550,DEF
222521,DEF
222825,DEF
223054,DEF
223159,DEF
223188,DEF
223212,DEF
219652,DEF
219740,DEF
220058,DEF
220529,DEF
220466,DEF
220609,DEF
221553,DEF
221488,DEF
215556,DEF
216229,DEF
216520,DEF
217082,DEF
217168,DEF
217242,DEF
213613,DEF
213777,DEF
213871,DEF
214096,DEF
211489,DEF
212244,DEF
212282,DEF
212321,DEF
213000,DEF
209061,DEF
209695,DEF
210112,DEF
210118,DEF
210214,DEF
209839,DEF
210263,DEF
210374,DEF
205340,DEF
205630,DEF
205812,DEF
206022,DEF
206171,DEF
206427,DEF
206436,DEF
202101,DEF
203590,DEF
203668,DEF
202905,DEF
203725,DEF
199982,DEF
200108,DEF
200278,DEF
200778,DEF
201509,DEF
199960,DEF
196935,DEF
198138,DEF
198218,DEF
198352,DEF
198474,DEF
198489,DEF
198553,DEF
198783,DEF
191625,DEF
192026,DEF
192373,DEF
192778,DEF
192922,DEF
193182,DEF
193185,DEF
193264,DEF
187205,DEF
188538,DEF
188871,DEF
189300,DEF
189207,DEF
189530,DEF
178571,DEF
179565,DEF
181123,DEF
181262,DEF
181795,DEF
182343,DEF
182270,DEF
184154,DEF
158221,DEF
165526,DEF
167669,DEF
172233,DEF
172553,DEF
3467,DEF
115909,DEF
253073,DEF
253245,DEF
253587,DEF
254891,DEF
254660,DEF
247671,DEF
248573,DEF
248866,DEF
250797,DEF
245157,DEF
245235,DEF
245437,DEF
245543,DEF
246033,DEF
242633,DEF
242776,DEF
242835,DEF
243392,DEF
243497,DEF
243350,DEF
243792,DEF
244205,DEF
244238,DEF
241004,DEF
240982,DEF
241568,DEF
241629,DEF
239096,DEF
239250,DEF
239669,DEF
239641,DEF
239747,DEF
239945,DEF
237429,DEF
237512,DEF
237582,DEF
237840,DEF
235673,DEF
235852,DEF
238504,DEF
240131,DEF
240282,DEF
238839,DEF
240926,DEF
242238,DEF
242294,DEF
242372,DEF
242450,DEF
242494,DEF
244271,DEF
244472,DEF
246696,DEF
246949,DEF
247361,DEF
251450,DEF
251681,DEF
252541,DEF
255000,DEF
256970,DEF
258333,DEF
258478,DEF
142966,DEF
142762,DEF
143598,DEF
143587,DEF
144200,DEF
184716,DEF
185010,DEF
185204,DEF
186556,DEF
186296,DEF
186598,DEF
190982,DEF
190738,DEF
191333,DEF
191079,DEF
193794,DEF
193862,DEF
193900,DEF
194077,DEF
194079,DEF
194934,DEF
199157,DEF
199282,DEF
199387,DEF
201528,DEF
199288,DEF
203889,DEF
204215,DEF
201938,DEF
204352,DEF
204401,DEF
204549,DEF
206577,DEF
207507,DEF
207645,DEF
208424,DEF
211068,DEF
211272,DEF
213439,DEF
215070,DEF
215155,DEF
215391,DEF
215410,DEF
215417,DEF
217826,DEF
221793,DEF
221990,DEF
221931,DEF
221994,DEF
224104,DEF
224019,DEF
228151,DEF
228650,DEF
228518,DEF
230278,DEF
230964,DEF
231823,DEF
233260,DEF
233292,DEF
233585,DEF
233606,DEF
234889,DEF
234933,DEF
234875,DEF
235432,DEF
235290,DEF
236764,DEF
237209,DEF
237540,DEF
239910,DEF
240526,DEF
240661,DEF
245520,DEF
246423,DEF
251847,DEF
252042,DEF
258262,DEF
260314,DEF
259816,DEF
164484,DEF
170159,DEF
172937,DEF
183389,DEF
172960,DEF
183556,DEF
183568,DEF
183909,DEF
187601,DEF
188000,DEF
190919,DEF
192156,DEF
194665,DEF
195671,DEF
196801,DEF
196952,DEF
197777,DEF
199231,DEF
199413,DEF
199669,DEF
199689,DEF
202002,DEF
202410,DEF
202539,DEF
205347,DEF
205215,DEF
207876,DEF
207928,DEF
208700,DEF
211818,DEF
212226,DEF
214207,DEF
214838,DEF
214772,DEF
215569,DEF
215703,DEF
216793,DEF
217620,DEF
217852,DEF
221587,DEF
221323,DEF
223136,DEF
223143,DEF
223208,DEF
223682,DEF
223717,DEF
223756,DEF
223978,DEF
226085,DEF
226203,DEF
228717,DEF
226356,DEF
228861,DEF
229011,DEF
229155,DEF
229188,DEF
229179,DEF
230222,DEF
230263,DEF
230272,DEF
230277,DEF
230322,DEF
230988,DEF
231138,DEF
232775,DEF
233219,DEF
234710,DEF
235036,DEF
235088,DEF
235055,DEF
237525,DEF
237642,DEF
237973,DEF
244197,DEF
244269,DEF
244280,DEF
244628,DEF
244709,DEF
251693,DEF
251805,DEF
251718,DEF
258370,DEF
260248,DEF
261529,DEF
2147,DEF
107298,DEF
124635,DEF
143745,DEF
138699,DEF
169181,DEF
169345,DEF
177280,DEF
178614,DEF
186614,DEF
186650,DEF
187132,DEF
187702,DEF
189946,DEF
190430,DEF
190535,DEF
190549,DEF
190761,DEF
191032,DEF
190915,DEF
195087,DEF
194996,DEF
195361,DEF
199602,DEF
199562,DEF
199912,DEF
202331,DEF
203886,DEF
203633,DEF
203888,DEF
207952,DEF
208120,DEF
208137,DEF
210814,DEF
210985,DEF
211348,DEF
211672,DEF
213750,DEF
213868,DEF
213928,DEF
215553,DEF
215886,DEF
216033,DEF
220702,DEF
223284,DEF
223654,DEF
224065,DEF
229682,DEF
230042,DEF
230084,DEF
230242,DEF
230850,DEF
233478,DEF
233982,DEF
234112,DEF
234178,DEF
234575,DEF
236515,DEF
239580,DEF
239712,DEF
239717,DEF
240265,DEF
244426,DEF
241042,DEF
244591,DEF
244788,DEF
244789,DEF
245132,DEF
245535,DEF
252064,DEF
251701,DEF
177578,DEF
236164,DEF
236113,DEF
236046,DEF
234873,DEF
224796,DEF
224718,DEF
172049,DEF
224510,DEF
233097,DEF
233978,DEF
234341,DEF
230601,DEF
231530,DEF
231868,DEF
231652,DEF
232413,DEF
230107,DEF
230169,DEF
230193,DEF
230194,DEF
227978,DEF
228206,DEF
228505,DEF
228645,DEF
228761,DEF
228789,DEF
229325,DEF
225720,DEF
225974,DEF
226002,DEF
226260,DEF
224315,DEF
224376,DEF
224590,DEF
224655,DEF
221737,DEF
221909,DEF
222278,DEF
222562,DEF
222634,DEF
222741,DEF
222959,DEF
217998,DEF
218660,DEF
219771,DEF
220075,DEF
220152,DEF
220509,DEF
220620,DEF
214965,DEF
214986,DEF
214990,DEF
215266,DEF
215321,DEF
215969,DEF
215970,DEF
212519,DEF
212608,DEF
212791,DEF
213433,DEF
213612,DEF
213490,DEF
214168,DEF
214158,DEF
214313,DEF
209987,DEF
210404,DEF
210653,DEF
211004,DEF
211221,DEF
205584,DEF
205887,DEF
206626,DEF
203544,DEF
204370,DEF
202686,DEF
200698,DEF
201266,DEF
201304,DEF
201447,DEF
202148,DEF
198113,DEF
198150,DEF
198312,DEF
198641,DEF
192012,DEF
192476,DEF
192660,DEF
193098,DEF
189167,DEF
189661,DEF
183644,DEF
183982,DEF
184290,DEF
184417,DEF
184220,DEF
186405,DEF
175608,DEF
177390,DEF
177482,DEF
177481,DEF
179547,DEF
179633,DEF
180409,DEF
180739,DEF
142499,DEF
142950,DEF
152993,DEF
163600,DEF
255353,DEF
255529,DEF
256958,DEF
258350,DEF
258376,DEF
258590,DEF
252275,DEF
252360,DEF
252523,DEF
253251,DEF
253321,DEF
248777,DEF
248878,DEF
250835,DEF
250858,DEF
246562,DEF
246279,DEF
247076,DEF
247188,DEF
247156,DEF
244401,DEF
244605,DEF
244706,DEF
245148,DEF
245084,DEF
245253,DEF
245368,DEF
242335,DEF
242514,DEF
242573,DEF
242629,DEF
242752,DEF
240439,DEF
240409,DEF
240743,DEF
240944,DEF
241171,DEF
241708,DEF
241746,DEF
239138,DEF
239306,DEF
239881,DEF
237075,DEF
237555,DEF
237600,DEF
234924,DEF
235103,DEF
235315,DEF
235840,DEF
235893,DEF
233034,DEF
233329,DEF
233545,DEF
233996,DEF
232162,DEF
232512,DEF
232626,DEF
230196,DEF
230178,DEF
230205,DEF
230334,DEF
230489,DEF
230506,DEF
228838,DEF
229428,DEF
229448,DEF
229500,DEF
225877,DEF
226286,DEF
226401,DEF
226442,DEF
227230,DEF
223779,DEF
223938,DEF
223962,DEF
224049,DEF
224067,DEF
224045,DEF
224198,DEF
224201,DEF
224841,DEF
224890,DEF
224344,DEF
225060,DEF
225310,DEF
225456,DEF
222900,DEF
223030,DEF
223065,DEF
223128,DEF
219174,DEF
219860,DEF
220029,DEF
215570,DEF
215823,DEF
216155,DEF
216281,DEF
216351,DEF
216376,DEF
216712,DEF
213591,DEF
213030,DEF
213693,DEF
214376,DEF
214343,DEF
214606,DEF
214835,DEF
211250,DEF
211363,DEF
211384,DEF
211398,DEF
211703,DEF
212173,DEF
212223,DEF
212129,DEF
208613,DEF
208862,DEF
209372,DEF
209532,DEF
208898,DEF
210028,DEF
210439,DEF
206310,DEF
206472,DEF
206538,DEF
207516,DEF
207763,DEF
203979,DEF
204084,DEF
204136,DEF
204227,DEF
204344,DEF
204242,DEF
204677,DEF
204652,DEF
204687,DEF
205054,DEF
201526,DEF
202076,DEF
202106,DEF
202113,DEF
202208,DEF
202271,DEF
198687,DEF
198726,DEF
198908,DEF
199526,DEF
199769,DEF
200271,DEF
200424,DEF
193027,DEF
192938,DEF
193092,DEF
193250,DEF
193602,DEF
193772,DEF
194082,DEF
194089,DEF
194171,DEF
195065,DEF
196316,DEF
188674,DEF
189397,DEF
189558,DEF
189715,DEF
190093,DEF
190907,DEF
190671,DEF
190779,DEF
183743,DEF
183781,DEF
183973,DEF
184480,DEF
184781,DEF
184900,DEF
176389,DEF
176542,DEF
176841,DEF
157515,DEF
167812,DEF
258648,DEF
258881,DEF
258958,DEF
259188,DEF
260652,DEF
260720,DEF
260823,DEF
260839,DEF
18115,DEF
254023,DEF
254628,DEF
255134,DEF
254822,DEF
255055,DEF
255256,DEF
255699,DEF
252091,DEF
252711,DEF
252930,DEF
252937,DEF
247793,DEF
248107,DEF
248870,DEF
248564,DEF
248149,DEF
250961,DEF
250997,DEF
245762,DEF
246169,DEF
246179,DEF
246350,DEF
246806,DEF
246826,DEF
246845,DEF
246787,DEF
244117,DEF
244135,DEF
244560,DEF
242217,DEF
242673,DEF
240342,DEF
240454,DEF
240507,DEF
240091,DEF
240201,DEF
240964,DEF
241010,DEF
241064,DEF
238503,DEF
238692,DEF
236822,DEF
237039,DEF
237409,DEF
237665,DEF
237745,DEF
237739,DEF
235561,DEF
235814,DEF
235890,DEF
235942,DEF
234576,DEF
234646,DEF
234762,DEF
234856,DEF
234877,DEF
234945,DEF
234987,DEF
235021,DEF
235124,DEF
232929,DEF
233050,DEF
233098,DEF
233178,DEF
233630,DEF
233812,DEF
230800,DEF
231073,DEF
230835,DEF
231237,DEF
231406,DEF
231753,DEF
231841,DEF
231828,DEF
231878,DEF
229147,DEF
229473,DEF
229277,DEF
229873,DEF
229891,DEF
229900,DEF
226416,DEF
226652,DEF
226793,DEF
227557,DEF
228221,DEF
224438,DEF
224584,DEF
224604,DEF
224813,DEF
224891,DEF
225282,DEF
225285,DEF
223566,DEF
223016,DEF
223045,DEF
223085,DEF
223332,DEF
223344,DEF
223594,DEF
221024,DEF
220965,DEF
221271,DEF
220837,DEF
221313,DEF
221350,DEF
221820,DEF
221893,DEF
220302,DEF
218343,DEF
218880,DEF
219558,DEF
219808,DEF
214727,DEF
214650,DEF
215097,DEF
215292,DEF
215376,DEF
211955,DEF
212420,DEF
212992,DEF
213007,DEF
213301,DEF
213602,DEF
213644,DEF
209510,DEF
209729,DEF
210004,DEF
210202,DEF
210311,DEF
210381,DEF
210484,DEF
211189,DEF
211204,DEF
207669,DEF
207892,DEF
207954,DEF
208324,DEF
208462,DEF
204381,DEF
205194,DEF
204786,DEF
205559,DEF
202077,DEF
202401,DEF
202491,DEF
202778,DEF
202799,DEF
202910,DEF
203225,DEF
203239,DEF
199738,DEF
199762,DEF
199917,DEF
200807,DEF
201025,DEF
201114,DEF
195313,DEF
190959,DEF
191066,DEF
198688,DEF
192636,DEF
186954,DEF
188762,DEF
188601,DEF
189110,DEF
189141,DEF
189691,DEF
189849,DEF
183377,DEF
183565,DEF
184229,DEF
184202,DEF
184890,DEF
184823,DEF
184387,DEF
176062,DEF
176403,DEF
176732,DEF
178616,DEF
167194,DEF
166114,DEF
260875,DEF
120312,DEF
256781,DEF
257063,DEF
257288,DEF
257398,DEF
257414,DEF
257566,DEF
257558,DEF
257713,DEF
258263,DEF
255043,DEF
255009,DEF
255154,DEF
255197,DEF
255753,DEF
253241,DEF
253292,DEF
253596,DEF
253886,DEF
254054,DEF
251914,DEF
252485,DEF
252488,DEF
250807,DEF
251155,DEF
251185,DEF
246808,DEF
246814,DEF
246866,DEF
247027,DEF
247360,DEF
247264,DEF
247534,DEF
245340,DEF
245341,DEF
245898,DEF
246014,DEF
246108,DEF
246141,DEF
246157,DEF
246263,DEF
244085,DEF
244161,DEF
244187,DEF
244489,DEF
244654,DEF
244884,DEF
242749,DEF
242908,DEF
242944,DEF
242974,DEF
243100,DEF
243185,DEF
243201,DEF
243449,DEF
243733,DEF
242596,DEF
241410,DEF
241523,DEF
241562,DEF
241551,DEF
241570,DEF
241652,DEF
241985,DEF
241931,DEF
239438,DEF
239513,DEF
239944,DEF
239980,DEF
240053,DEF
238049,DEF
238270,DEF
238389,DEF
238062,DEF
236681,DEF
237252,DEF
237702,DEF
235425,DEF
235464,DEF
236024,DEF
235950,DEF
236260,DEF
236242,DEF
234158,DEF
234198,DEF
234359,DEF
232611,DEF
232643,DEF
232687,DEF
233379,DEF
233569,DEF
231123,DEF
232000,DEF
230210,DEF
230321,DEF
228759,DEF
228883,DEF
228893,DEF
228997,DEF
229686,DEF
229707,DEF
226646,DEF
227287,DEF
227561,DEF
227638,DEF
227920,DEF
226580,DEF
224608,DEF
224724,DEF
224821,DEF
224842,DEF
225105,DEF
225077,DEF
225395,DEF
225316,DEF
225632,DEF
225738,DEF
226468,DEF
226220,DEF
226506,DEF
222970,DEF
223151,DEF
223569,DEF
223876,DEF
222969,DEF
221657,DEF
221700,DEF
221643,DEF
221756,DEF
221889,DEF
220593,DEF
220491,DEF
220637,DEF
220708,DEF
220805,DEF
216184,DEF
216633,DEF
216791,DEF
216477,DEF
212467,DEF
212428,DEF
212518,DEF
213204,DEF
213512,DEF
213557,DEF
213905,DEF
210784,DEF
211132,DEF
210941,DEF
211176,DEF
211214,DEF
211870,DEF
208631,DEF
208688,DEF
209484,DEF
209667,DEF
209769,DEF
209761,DEF
205388,DEF
206295,DEF
206408,DEF
207497,DEF
207753,DEF
203357,DEF
203558,DEF
203491,DEF
204050,DEF
204278,DEF
201083,DEF
201301,DEF
201512,DEF
202050,DEF
199510,DEF
199747,DEF
200395,DEF
194213,DEF
194873,DEF
194329,DEF
194431,DEF
196072,DEF
197496,DEF
193097,DEF
193169,DEF
193226,DEF
186950,DEF
188289,DEF
188424,DEF
188756,DEF
188779,DEF
188856,DEF
188968,DEF
189155,DEF
189186,DEF
189536,DEF
189885,DEF
186655,DEF
181989,DEF
182209,DEF
182897,DEF
171082,DEF
171087,DEF
171831,DEF
171490,DEF
176849,DEF
170342,DEF
158543,DEF
160005,DEF
160121,DEF
163625,DEF
162052,DEF
164766,DEF
165191,DEF
162875,DEF
258575,DEF
258626,DEF
258819,DEF
260894,DEF
261307,DEF
109493,DEF
257243,DEF
257358,DEF
257352,DEF
257703,DEF
257039,DEF
255005,DEF
255253,DEF
255400,DEF
253178,DEF
253256,DEF
253276,DEF
253296,DEF
253357,DEF
253766,DEF
253878,DEF
253906,DEF
254056,DEF
253953,DEF
251595,DEF
251709,DEF
252081,DEF
252121,DEF
252074,DEF
252123,DEF
248069,DEF
248110,DEF
248489,DEF
250882,DEF
251057,DEF
246594,DEF
246471,DEF
246688,DEF
246840,DEF
246951,DEF
246974,DEF
247069,DEF
247270,DEF
247378,DEF
244941,DEF
245218,DEF
245586,DEF
245055,DEF
245770,DEF
246044,DEF
246093,DEF
244133,DEF
244050,DEF
244364,DEF
244509,DEF
242547,DEF
242708,DEF
242692,DEF
242716,DEF
243080,DEF
243156,DEF
241131,DEF
240999,DEF
241411,DEF
241405,DEF
241689,DEF
239902,DEF
240120,DEF
240019,DEF
240196,DEF
240176,DEF
240044,DEF
238303,DEF
238379,DEF
238461,DEF
238519,DEF
238820,DEF
238923,DEF
238938,DEF
239099,DEF
237179,DEF
237439,DEF
237490,DEF
237333,DEF
237563,DEF
235815,DEF
235855,DEF
235988,DEF
236037,DEF
236169,DEF
236273,DEF
236615,DEF
234148,DEF
234472,DEF
234746,DEF
234963,DEF
235049,DEF
232619,DEF
232636,DEF
232908,DEF
233078,DEF
233109,DEF
232897,DEF
233148,DEF
231472,DEF
231948,DEF
232117,DEF
232107,DEF
232284,DEF
230070,DEF
230141,DEF
230287,DEF
230419,DEF
228357,DEF
228506,DEF
228519,DEF
229038,DEF
229084,DEF
229171,DEF
229249,DEF
229436,DEF
225770,DEF
225875,DEF
225924,DEF
226675,DEF
224161,DEF
224300,DEF
224420,DEF
224542,DEF
224770,DEF
224915,DEF
225134,DEF
224981,DEF
222329,DEF
222639,DEF
222993,DEF
223064,DEF
223306,DEF
223120,DEF
219767,DEF
220584,DEF
220663,DEF
220807,DEF
216134,DEF
216227,DEF
216359,DEF
216377,DEF
216568,DEF
216736,DEF
216746,DEF
216114,DEF
213348,DEF
213449,DEF
213570,DEF
213327,DEF
213856,DEF
213901,DEF
214104,DEF
214382,DEF
214414,DEF
214701,DEF
211166,DEF
211358,DEF
211707,DEF
211723,DEF
211888,DEF
211954,DEF
211952,DEF
212341,DEF
209072,DEF
209166,DEF
209333,DEF
209569,DEF
210108,DEF
205752,DEF
205862,DEF
206412,DEF
203754,DEF
203848,DEF
203853,DEF
203862,DEF
204033,DEF
204219,DEF
204468,DEF
201068,DEF
201082,DEF
201484,DEF
202199,DEF
201940,DEF
202617,DEF
198003,DEF
198062,DEF
198017,DEF
191123,DEF
191556,DEF
191944,DEF
192008,DEF
192231,DEF
187761,DEF
187959,DEF
188124,DEF
188145,DEF
188177,DEF
183283,DEF
183407,DEF
183544,DEF
184040,DEF
184764,DEF
167936,DEF
168629,DEF
172232,DEF
173530,DEF
173859,DEF
176345,DEF
176472,DEF
176599,DEF
178187,DEF
126883,DEF
144050,DEF
156164,DEF
156683,DEF
159983,DEF
160102,DEF
160206,DEF
258925,DEF
258953,DEF
259011,DEF
259094,DEF
259222,DEF
259584,DEF
259751,DEF
260328,DEF
257121,DEF
257154,DEF
257185,DEF
257271,DEF
257561,DEF
257945,DEF
257957,DEF
255241,DEF
255278,DEF
255307,DEF
255533,DEF
255592,DEF
255876,DEF
255928,DEF
256282,DEF
255949,DEF
255977,DEF
254142,DEF
253568,DEF
253253,DEF
253353,DEF
253473,DEF
253813,DEF
252036,DEF
252265,DEF
252358,DEF
252483,DEF
252512,DEF
252724,DEF
252738,DEF
252965,DEF
252974,DEF
250810,DEF
250847,DEF
251212,DEF
251258,DEF
251330,DEF
251376,DEF
251385,DEF
247351,DEF
248005,DEF
248201,DEF
248112,DEF
245367,DEF
245692,DEF
246324,DEF
246127,DEF
246729,DEF
244288,DEF
244366,DEF
244394,DEF
244438,DEF
244521,DEF
244486,DEF
244636,DEF
244703,DEF
244684,DEF
244800,DEF
243363,DEF
243519,DEF
243523,DEF
243698,DEF
243683,DEF
243773,DEF
243655,DEF
241970,DEF
241995,DEF
242482,DEF
242528,DEF
242612,DEF
242623,DEF
241281,DEF
241566,DEF
241859,DEF
241884,DEF
239686,DEF
239800,DEF
239977,DEF
240067,DEF
240170,DEF
240209,DEF
238895,DEF
238961,DEF
239010,DEF
239091,DEF
239137,DEF
238019,DEF
236831,DEF
235955,DEF
235980,DEF
236166,DEF
236174,DEF
236270,DEF
236209,DEF
236667,DEF
236875,DEF
236877,DEF
234650,DEF
234726,DEF
234854,DEF
235108,DEF
235157,DEF
233047,DEF
233071,DEF
233121,DEF
233173,DEF
233254,DEF
233378,DEF
233571,DEF
233655,DEF
233804,DEF
231967,DEF
232136,DEF
232372,DEF
232375,DEF
232447,DEF
230511,DEF
230509,DEF
230557,DEF
229036,DEF
229057,DEF
229267,DEF
229285,DEF
229379,DEF
229477,DEF
229508,DEF
229610,DEF
229655,DEF
226044,DEF
226815,DEF
226924,DEF
227219,DEF
227810,DEF
227700,DEF
227961,DEF
228058,DEF
228283,DEF
224475,DEF
224690,DEF
224633,DEF
224854,DEF
222438,DEF
222472,DEF
222937,DEF
223004,DEF
223679,DEF
221358,DEF
221475,DEF
221648,DEF
221651,DEF
221705,DEF
221812,DEF
221772,DEF
221836,DEF
221986,DEF
221926,DEF
217391,DEF
218047,DEF
213864,DEF
213954,DEF
214940,DEF
215477,DEF
215540,DEF
215495,DEF
211556,DEF
211581,DEF
211594,DEF
211817,DEF
211825,DEF
211881,DEF
211935,DEF
211953,DEF
209315,DEF
210000,DEF
210409,DEF
210492,DEF
208764,DEF
206605,DEF
207502,DEF
207741,DEF
208122,DEF
208229,DEF
208302,DEF
204860,DEF
204892,DEF
204920,DEF
204979,DEF
205048,DEF
205072,DEF
205096,DEF
205153,DEF
205159,DEF
205163,DEF
202459,DEF
203034,DEF
203264,DEF
203447,DEF
203454,DEF
200210,DEF
200346,DEF
200895,DEF
201038,DEF
194759,DEF
194372,DEF
195356,DEF
195480,DEF
196353,DEF
197831,DEF
198135,DEF
198094,DEF
189573,DEF
190247,DEF
190457,DEF
190545,DEF
190752,DEF
183686,DEF
183997,DEF
184242,DEF
184278,DEF
184707,DEF
185438,DEF
172561,DEF
173891,DEF
176585,DEF
177515,DEF
177508,DEF
178379,DEF
159975,DEF
159989,DEF
160110,DEF
160116,DEF
160130,DEF
160143,DEF
160221,DEF
162053,DEF
160173,DEF
166539,DEF
261243,DEF
52326,DEF
110606,DEF
259789,DEF
259858,DEF
260286,DEF
258502,DEF
258560,DEF
258692,DEF
259075,DEF
257555,DEF
257573,DEF
257711,DEF
258014,DEF
256538,DEF
256830,DEF
256882,DEF
257007,DEF
255441,DEF
255541,DEF
255585,DEF
254472,DEF
254637,DEF
254705,DEF
253465,DEF
253472,DEF
253549,DEF
253583,DEF
253625,DEF
253923,DEF
254123,DEF
254220,DEF
254228,DEF
252490,DEF
252573,DEF
252716,DEF
252789,DEF
252799,DEF
252927,DEF
253002,DEF
252903,DEF
253034,DEF
253129,DEF
253156,DEF
253143,DEF
251630,DEF
251781,DEF
252014,DEF
251916,DEF
252015,DEF
252052,DEF
251041,DEF
251044,DEF
251052,DEF
251079,DEF
251087,DEF
251096,DEF
251173,DEF
251343,DEF
251380,DEF
247679,DEF
247941,DEF
247944,DEF
248011,DEF
248035,DEF
248092,DEF
248097,DEF
248758,DEF
248765,DEF
246393,DEF
246560,DEF
246683,DEF
246685,DEF
246803,DEF
246827,DEF
246910,DEF
246958,DEF
245436,DEF
245497,DEF
245632,DEF
245809,DEF
245849,DEF
244154,DEF
244250,DEF
244277,DEF
244319,DEF
244435,DEF
244500,DEF
244503,DEF
244538,DEF
244810,DEF
243312,DEF
243354,DEF
243532,DEF
243587,DEF
243713,DEF
242212,DEF
242447,DEF
242599,DEF
241132,DEF
241213,DEF
241197,DEF
241645,DEF
241765,DEF
240008,DEF
240258,DEF
240319,DEF
240212,DEF
240227,DEF
240335,DEF
240497,DEF
240513,DEF
238103,DEF
238636,DEF
238649,DEF
238686,DEF
238725,DEF
239454,DEF
236914,DEF
237217,DEF
237332,DEF
237347,DEF
237378,DEF
237436,DEF
235027,DEF
235194,DEF
235237,DEF
235457,DEF
235626,DEF
235935,DEF
236168,DEF
234991,DEF
234072,DEF
233879,DEF
234197,DEF
234207,DEF
234413,DEF
232564,DEF
232907,DEF
232922,DEF
230694,DEF
231474,DEF
231695,DEF
231926,DEF
229065,DEF
229168,DEF
229504,DEF
229530,DEF
226550,DEF
227498,DEF
227686,DEF
228057,DEF
228216,DEF
228327,DEF
225189,DEF
225279,DEF
225423,DEF
225376,DEF
225458,DEF
225561,DEF
225864,DEF
225910,DEF
223095,DEF
223568,DEF
223967,DEF
224017,DEF
224108,DEF
224204,DEF
223014,DEF
221025,DEF
221346,DEF
221656,DEF
221864,DEF
221938,DEF
216154,DEF
216709,DEF
217160,DEF
217332,DEF
218848,DEF
218863,DEF
218922,DEF
219275,DEF
219467,DEF
219566,DEF
213009,DEF
213663,DEF
213687,DEF
213822,DEF
214217,DEF
210368,DEF
210700,DEF
211143,DEF
211434,DEF
211536,DEF
211607,DEF
206584,DEF
207427,DEF
207429,DEF
207499,DEF
207558,DEF
207639,DEF
207716,DEF
207836,DEF
208129,DEF
208577,DEF
209413,DEF
203224,DEF
203292,DEF
203331,DEF
203355,DEF
204297,DEF
204322,DEF
199294,DEF
200239,DEF
200369,DEF
200742,DEF
200812,DEF
200898,DEF
201019,DEF
201035,DEF
201169,DEF
201873,DEF
193627,DEF
196315,DEF
196905,DEF
196940,DEF
197148,DEF
197928,DEF
190665,DEF
191108,DEF
191669,DEF
184077,DEF
183643,DEF
184301,DEF
184471,DEF
186126,DEF
186514,DEF
186590,DEF
187782,DEF
169591,DEF
170286,DEF
170636,DEF
175316,DEF
176207,DEF
159080,DEF
159941,DEF
159973,DEF
260359,DEF
260707,DEF
260597,DEF
260813,DEF
260831,DEF
260869,DEF
260995,DEF
261161,DEF
261281,DEF
259170,DEF
259209,DEF
259307,DEF
259405,DEF
259214,DEF
259532,DEF
259788,DEF
258149,DEF
258328,DEF
258405,DEF
258485,DEF
258550,DEF
258817,DEF
257560,DEF
257612,DEF
257551,DEF
257644,DEF
257804,DEF
257839,DEF
257863,DEF
256266,DEF
256326,DEF
256478,DEF
256780,DEF
255463,DEF
255449,DEF
255536,DEF
255566,DEF
254789,DEF
254935,DEF
254942,DEF
254963,DEF
254996,DEF
253179,DEF
253211,DEF
253282,DEF
253620,DEF
254019,DEF
251956,DEF
252066,DEF
252248,DEF
252201,DEF
252316,DEF
252382,DEF
250813,DEF
251088,DEF
251236,DEF
251303,DEF
251364,DEF
247658,DEF
247963,DEF
247970,DEF
248024,DEF
248165,DEF
246550,DEF
246614,DEF
246682,DEF
246744,DEF
246909,DEF
244559,DEF
244634,DEF
244920,DEF
245092,DEF
243445,DEF
243520,DEF
243572,DEF
243921,DEF
244041,DEF
242594,DEF
242655,DEF
242678,DEF
240891,DEF
241005,DEF
241036,DEF
241311,DEF
241595,DEF
241614,DEF
240062,DEF
240133,DEF
240218,DEF
240274,DEF
240305,DEF
240405,DEF
240437,DEF
240434,DEF
240605,DEF
240587,DEF
238557,DEF
238977,DEF
239145,DEF
239215,DEF
237032,DEF
237080,DEF
237414,DEF
237428,DEF
235573,DEF
235632,DEF
235800,DEF
235887,DEF
235946,DEF
236325,DEF
233973,DEF
234586,DEF
232269,DEF
232671,DEF
232746,DEF
232918,DEF
230532,DEF
230836,DEF
230928,DEF
227951,DEF
228366,DEF
228325,DEF
228472,DEF
228516,DEF
228607,DEF
228667,DEF
228685,DEF
224526,DEF
224668,DEF
225053,DEF
225336,DEF
225387,DEF
225419,DEF
225509,DEF
225867,DEF
222087,DEF
222209,DEF
222997,DEF
223080,DEF
223305,DEF
219643,DEF
219529,DEF
219795,DEF
220979,DEF
214634,DEF
214682,DEF
215233,DEF
215660,DEF
215692,DEF
216280,DEF
211095,DEF
211141,DEF
211900,DEF
211717,DEF
211446,DEF
212535,DEF
212175,DEF
212718,DEF
212574,DEF
212540,DEF
207828,DEF
208316,DEF
208348,DEF
208776,DEF
209361,DEF
209369,DEF
202292,DEF
202647,DEF
194076,DEF
194678,DEF
195124,DEF
198841,DEF
199467,DEF
199479,DEF
199684,DEF
190518,DEF
190559,DEF
190637,DEF
192496,DEF
184148,DEF
187837,DEF
173660,DEF
173785,DEF
178289,DEF
180717,DEF
177568,DEF
160081,DEF
160139,DEF
160155,DEF
160213,DEF
165509,DEF
165447,DEF
165880,DEF
261167,DEF
261275,DEF
261444,DEF
101317,DEF
137461,DEF
129566,DEF
260082,DEF
260149,DEF
260244,DEF
260282,DEF
260306,DEF
260410,DEF
260564,DEF
258482,DEF
258504,DEF
258625,DEF
257423,DEF
257635,DEF
257584,DEF
257706,DEF
257728,DEF
257740,DEF
257797,DEF
256527,DEF
256732,DEF
256950,DEF
257068,DEF
257076,DEF
257093,DEF
255412,DEF
255524,DEF
255452,DEF
255871,DEF
254964,DEF
255110,DEF
255142,DEF
253694,DEF
253821,DEF
253954,DEF
254266,DEF
254273,DEF
252785,DEF
252775,DEF
252866,DEF
252983,DEF
252936,DEF
252996,DEF
252565,DEF
251346,DEF
251466,DEF
251493,DEF
251482,DEF
251597,DEF
251727,DEF
251782,DEF
247872,DEF
247886,DEF
247967,DEF
248245,DEF
248443,DEF
248553,DEF
248674,DEF
248821,DEF
246680,DEF
246760,DEF
246858,DEF
246862,DEF
247067,DEF
244891,DEF
245041,DEF
245268,DEF
245510,DEF
245648,DEF
245615,DEF
243516,DEF
243643,DEF
243785,DEF
243924,DEF
244010,DEF
241658,DEF
241494,DEF
242154,DEF
242221,DEF
242399,DEF
242584,DEF
242364,DEF
240397,DEF
240550,DEF
240786,DEF
240788,DEF
240836,DEF
240856,DEF
240858,DEF
238919,DEF
239042,DEF
239245,DEF
237382,DEF
237497,DEF
237624,DEF
237667,DEF
237732,DEF
237800,DEF
237802,DEF
237933,DEF
238189,DEF
235288,DEF
235143,DEF
235744,DEF
236006,DEF
236009,DEF
236400,DEF
236677,DEF
236445,DEF
232559,DEF
232585,DEF
232680,DEF
233728,DEF
233383,DEF
233710,DEF
233961,DEF
234039,DEF
234170,DEF
230865,DEF
230919,DEF
231028,DEF
231033,DEF
231063,DEF
231284,DEF
231322,DEF
228863,DEF
228928,DEF
229303,DEF
229493,DEF
229513,DEF
224964,DEF
225432,DEF
225781,DEF
226654,DEF
222978,DEF
223001,DEF
223253,DEF
223264,DEF
223663,DEF
223902,DEF
223916,DEF
223993,DEF
220742,DEF
221519,DEF
221373,DEF
211846,DEF
211835,DEF
212805,DEF
213110,DEF
209002,DEF
209222,DEF
209285,DEF
209757,DEF
209843,DEF
203930,DEF
204222,DEF
205311,DEF
205586,DEF
200283,DEF
200714,DEF
200928,DEF
201094,DEF
201268,DEF
202033,DEF
186259,DEF
189281,DEF
189408,DEF
190492,DEF
192457,DEF
170229,DEF
172928,DEF
177389,DEF
140422,DEF
152523,DEF
260355,DEF
260552,DEF
260589,DEF
261025,DEF
261083,DEF
259204,DEF
259255,DEF
259306,DEF
259407,DEF
259411,DEF
259528,DEF
259453,DEF
259534,DEF
259758,DEF
259787,DEF
258341,DEF
258447,DEF
258510,DEF
257380,DEF
257399,DEF
257471,DEF
257707,DEF
257664,DEF
257721,DEF
257862,DEF
257938,DEF
257896,DEF
256059,DEF
256068,DEF
256399,DEF
255081,DEF
255163,DEF
255171,DEF
255183,DEF
254315,DEF
254350,DEF
254469,DEF
254451,DEF
254627,DEF
254632,DEF
254648,DEF
254665,DEF
252778,DEF
252794,DEF
252916,DEF
253308,DEF
253407,DEF
253799,DEF
253779,DEF
253979,DEF
251352,DEF
251494,DEF
251495,DEF
251548,DEF
251729,DEF
248477,DEF
248498,DEF
248740,DEF
248488,DEF
250801,DEF
250948,DEF
250955,DEF
246604,DEF
246922,DEF
247001,DEF
247426,DEF
245079,DEF
245369,DEF
245286,DEF
245410,DEF
241085,DEF
241312,DEF
241339,DEF
241349,DEF
241435,DEF
241584,DEF
241650,DEF
242230,DEF
242260,DEF
239942,DEF
239989,DEF
240192,DEF
240428,DEF
240506,DEF
237875,DEF
237926,DEF
237965,DEF
238060,DEF
238081,DEF
238121,DEF
238298,DEF
238188,DEF
238338,DEF
238642,DEF
236686,DEF
236197,DEF
236321,DEF
236487,DEF
236604,DEF
236637,DEF
232677,DEF
233932,DEF
234155,DEF
234221,DEF
234358,DEF
229126,DEF
229185,DEF
229981,DEF
230737,DEF
230893,DEF
226261,DEF
226496,DEF
226504,DEF
226848,DEF
227659,DEF
227682,DEF
227877,DEF
227881,DEF
222180,DEF
222463,DEF
222582,DEF
222931,DEF
214679,DEF
215418,DEF
215971,DEF
203548,DEF
205255,DEF
207606,DEF
208151,DEF
184491,DEF
184584,DEF
186494,DEF
186751,DEF
187797,DEF
193083,DEF
195481,DEF
11381,DEF
163858,DEF
260663,DEF
260925,DEF
260975,DEF
259752,DEF
259754,DEF
260084,DEF
260178,DEF
260264,DEF
260232,DEF
260357,DEF
260392,DEF
260443,DEF
259085,DEF
259198,DEF
259327,DEF
259366,DEF
259415,DEF
259422,DEF
258439,DEF
258525,DEF
258690,DEF
258596,DEF
258723,DEF
258753,DEF
258823,DEF
258870,DEF
257847,DEF
257927,DEF
258041,DEF
258098,DEF
258146,DEF
258164,DEF
258171,DEF
258162,DEF
257067,DEF
257080,DEF
257232,DEF
257244,DEF
257247,DEF
257254,DEF
257350,DEF
257397,DEF
256037,DEF
256146,DEF
256443,DEF
256445,DEF
256486,DEF
256697,DEF
255414,DEF
255438,DEF
255457,DEF
255491,DEF
255534,DEF
255537,DEF
255662,DEF
255737,DEF
254560,DEF
254694,DEF
254786,DEF
254844,DEF
254915,DEF
254143,DEF
253452,DEF
253270,DEF
253560,DEF
253662,DEF
254020,DEF
251992,DEF
252103,DEF
251922,DEF
252407,DEF
252527,DEF
247833,DEF
248216,DEF
247913,DEF
248422,DEF
248577,DEF
248706,DEF
250816,DEF
251049,DEF
251085,DEF
246713,DEF
247063,DEF
246991,DEF
246865,DEF
247308,DEF
247388,DEF
247407,DEF
247459,DEF
247499,DEF
245001,DEF
244928,DEF
245903,DEF
243482,DEF
243345,DEF
243601,DEF
243884,DEF
243959,DEF
244000,DEF
244066,DEF
244082,DEF
244372,DEF
244480,DEF
242060,DEF
242156,DEF
242331,DEF
242507,DEF
242541,DEF
242823,DEF
242873,DEF
243056,DEF
243122,DEF
239801,DEF
239833,DEF
239858,DEF
239903,DEF
240463,DEF
240534,DEF
240775,DEF
238356,DEF
236601,DEF
237014,DEF
237027,DEF
237825,DEF
238075,DEF
238242,DEF
234733,DEF
234692,DEF
234619,DEF
235184,DEF
235551,DEF
230698,DEF
231510,DEF
231678,DEF
225677,DEF
225993,DEF
227616,DEF
227854,DEF
227870,DEF
228226,DEF
228794,DEF
228960,DEF
229182,DEF
229226,DEF
220458,DEF
222177,DEF
222190,DEF
222199,DEF
222216,DEF
223011,DEF
223029,DEF
208988,DEF
210785,DEF
210791,DEF
211884,DEF
212763,DEF
212735,DEF
214525,DEF
186610,DEF
188950,DEF
191262,DEF
193209,DEF
192651,DEF
261428,DEF
261538,DEF
261584,DEF
260695,DEF
260870,DEF
260923,DEF
260892,DEF
261177,DEF
261182,DEF
259452,DEF
259459,DEF
259563,DEF
259714,DEF
259575,DEF
260088,DEF
260104,DEF
258742,DEF
258785,DEF
259024,DEF
259080,DEF
259151,DEF
259237,DEF
258084,DEF
258215,DEF
258286,DEF
258330,DEF
258322,DEF
258417,DEF
257140,DEF
257166,DEF
257550,DEF
256137,DEF
256214,DEF
256291,DEF
256145,DEF
256405,DEF
256881,DEF
256501,DEF
255394,DEF
255527,DEF
255634,DEF
255762,DEF
255825,DEF
255878,DEF
254279,DEF
254807,DEF
254778,DEF
254845,DEF
252544,DEF
252569,DEF
252915,DEF
252984,DEF
253155,DEF
253427,DEF
253598,DEF
253623,DEF
251747,DEF
251905,DEF
251908,DEF
248339,DEF
248394,DEF
248435,DEF
248832,DEF
250763,DEF
250872,DEF
250908,DEF
250929,DEF
246464,DEF
246592,DEF
246950,DEF
247101,DEF
247127,DEF
247248,DEF
247365,DEF
247740,DEF
243684,DEF
244498,DEF
244673,DEF
244763,DEF
245332,DEF
241320,DEF
241429,DEF
242197,DEF
242258,DEF
242854,DEF
237698,DEF
237872,DEF
237849,DEF
238689,DEF
239333,DEF
240363,DEF
233745,DEF
233796,DEF
235808,DEF
222277,DEF
222322,DEF
224618,DEF
225751,DEF
226191,DEF
227548,DEF
193707,DEF
193713,DEF
202660,DEF
207820,DEF
261267,DEF
261383,DEF
261457,DEF
261493,DEF
261480,DEF
261563,DEF
160068,DEF
153100,DEF
260473,DEF
260658,DEF
260842,DEF
260916,DEF
260924,DEF
259443,DEF
259900,DEF
260043,DEF
260192,DEF
258801,DEF
258805,DEF
258825,DEF
258900,DEF
258913,DEF
258947,DEF
258974,DEF
258042,DEF
258089,DEF
258107,DEF
258289,DEF
258589,DEF
256981,DEF
257011,DEF
257082,DEF
257424,DEF
257538,DEF
255995,DEF
256170,DEF
256236,DEF
254763,DEF
254858,DEF
254999,DEF
255062,DEF
252902,DEF
253169,DEF
253440,DEF
254268,DEF
254282,DEF
254327,DEF
251521,DEF
251746,DEF
251882,DEF
252024,DEF
247822,DEF
248371,DEF
248482,DEF
248486,DEF
248662,DEF
248576,DEF
248760,DEF
245127,DEF
245530,DEF
246424,DEF
246391,DEF
242961,DEF
243042,DEF
243281,DEF
244105,DEF
240532,DEF
240684,DEF
240857,DEF
240892,DEF
241520,DEF
241953,DEF
236923,DEF
237714,DEF
237722,DEF
237677,DEF
237736,DEF
238059,DEF
237885,DEF
238296,DEF
231673,DEF
232314,DEF
232838,DEF
233408,DEF
233886,DEF
234121,DEF
234251,DEF
234322,DEF
220188,DEF
224685,DEF
225938,DEF
227182,DEF
228250,DEF
261481,DEF
261508,DEF
2702,DEF
137356,DEF
160096,DEF
160013,DEF
160187,DEF
160214,DEF
182076,DEF
183031,DEF
198990,DEF
260501,DEF
260562,DEF
260572,DEF
260642,DEF
260943,DEF
260848,DEF
261032,DEF
261102,DEF
260479,DEF
259363,DEF
259467,DEF
259458,DEF
259502,DEF
259505,DEF
259670,DEF
259866,DEF
260031,DEF
260177,DEF
258619,DEF
258624,DEF
258637,DEF
258644,DEF
258667,DEF
259103,DEF
257348,DEF
257427,DEF
257672,DEF
257676,DEF
257901,DEF
256017,DEF
256051,DEF
256101,DEF
256316,DEF
256442,DEF
256604,DEF
256672,DEF
256776,DEF
255164,DEF
255301,DEF
255439,DEF
255800,DEF
252991,DEF
253110,DEF
253428,DEF
253566,DEF
253475,DEF
253800,DEF
251386,DEF
251749,DEF
251750,DEF
247323,DEF
247896,DEF
248426,DEF
248709,DEF
245239,DEF
245359,DEF
245379,DEF
245721,DEF
246100,DEF
246795,DEF
246838,DEF
246920,DEF
246846,DEF
242786,DEF
242637,DEF
243596,DEF
243634,DEF
243690,DEF
243949,DEF
240805,DEF
238061,DEF
238498,DEF
238521,DEF
239811,DEF
239006,DEF
240804,DEF
229046,DEF
231006,DEF
231722,DEF
231438,DEF
232473,DEF
233948,DEF
234988,DEF
235545,DEF
199015,DEF
199007,DEF
200484,DEF
205558,DEF
219936,DEF
210542,DEF
224622,DEF
260805,DEF
260821,DEF
260933,DEF
261027,DEF
261195,DEF
261239,DEF
261331,DEF
259242,DEF
259348,DEF
259855,DEF
257944,DEF
258122,DEF
258155,DEF
258362,DEF
258506,DEF
258688,DEF
256555,DEF
256682,DEF
257019,DEF
257054,DEF
257090,DEF
257115,DEF
255411,DEF
255940,DEF
255969,DEF
256234,DEF
253168,DEF
253972,DEF
254155,DEF
251659,DEF
251660,DEF
251689,DEF
251777,DEF
252010,DEF
252390,DEF
251361,DEF
247059,DEF
247644,DEF
247687,DEF
247750,DEF
247352,DEF
243428,DEF
243917,DEF
245045,DEF
239444,DEF
240433,DEF
240769,DEF
240867,DEF
241577,DEF
242245,DEF
242345,DEF
242814,DEF
226859,DEF
229678,DEF
261501,DEF
261507,DEF
261575,DEF
198485,DEF
211258,DEF
211387,DEF
260683,DEF
260694,DEF
260771,DEF
260775,DEF
260927,DEF
260936,DEF
259266,DEF
259379,DEF
259468,DEF
259601,DEF
259712,DEF
258017,DEF
258036,DEF
258403,DEF
258604,DEF
258629,DEF
258711,DEF
256934,DEF
256956,DEF
257113,DEF
255794,DEF
255808,DEF
255812,DEF
255815,DEF
256130,DEF
254035,DEF
254275,DEF
253464,DEF
254321,DEF
254518,DEF
254530,DEF
254884,DEF
255002,DEF
250865,DEF
251416,DEF
251390,DEF
251433,DEF
252482,DEF
245509,DEF
245743,DEF
245858,DEF
247107,DEF
247098,DEF
241471,DEF
241610,DEF
242145,DEF
242607,DEF
242976,DEF
242985,DEF
233689,DEF
236328,DEF
260809,DEF
260714,DEF
260853,DEF
260984,DEF
261028,DEF
261410,DEF
259279,DEF
259351,DEF
259508,DEF
259585,DEF
259626,DEF
260376,DEF
260383,DEF
257778,DEF
258056,DEF
258046,DEF
258292,DEF
258329,DEF
258440,DEF
258649,DEF
258724,DEF
256498,DEF
256534,DEF
256551,DEF
256554,DEF
256935,DEF
256946,DEF
257036,DEF
257065,DEF
255498,DEF
255544,DEF
255746,DEF
255764,DEF
255817,DEF
255900,DEF
255976,DEF
255802,DEF
256043,DEF
253000,DEF
253078,DEF
253461,DEF
253801,DEF
253981,DEF
253963,DEF
254656,DEF
254574,DEF
254736,DEF
250755,DEF
250792,DEF
250895,DEF
250957,DEF
250988,DEF
251832,DEF
243342,DEF
245847,DEF
246262,DEF
246620,DEF
247033,DEF
247176,DEF
222173,DEF
224866,DEF
233681,DEF
234804,DEF
237463,DEF
239427,DEF
259924,DEF
260187,DEF
260240,DEF
260461,DEF
260537,DEF
260734,DEF
260850,DEF
258749,DEF
258839,DEF
259201,DEF
259234,DEF
259246,DEF
259257,DEF
259272,DEF
259292,DEF
257186,DEF
257425,DEF
257628,DEF
257695,DEF
258032,DEF
255788,DEF
255982,DEF
256201,DEF
252783,DEF
254921,DEF
254906,DEF
247873,DEF
247874,DEF
248567,DEF
248667,DEF
248723,DEF
248739,DEF
251590,DEF
251549,DEF
240210,DEF
240393,DEF
240531,DEF
241338,DEF
242108,DEF
243485,DEF
244397,DEF
245210,DEF
245260,DEF
261240,DEF
261194,DEF
261244,DEF
261386,DEF
261565,DEF
261536,DEF
261585,DEF
210750,DEF
259770,DEF
260343,DEF
260588,DEF
260681,DEF
260715,DEF
258402,DEF
258828,DEF
258693,DEF
259147,DEF
259135,DEF
256563,DEF
256879,DEF
257006,DEF
257045,DEF
257085,DEF
257261,DEF
257400,DEF
254951,DEF
255014,DEF
255141,DEF
255369,DEF
255769,DEF
255786,DEF
255903,DEF
255922,DEF
247661,DEF
248497,DEF
251546,DEF
251111,DEF
252644,DEF
252698,DEF
252871,DEF
243071,DEF
243297,DEF
245335,DEF
260462,DEF
260544,DEF
260951,DEF
260838,DEF
233407,DEF
246120,DEF
246134,DEF
253744,DEF
253079,DEF
254002,DEF
254128,DEF
254270,DEF
256342,DEF
256389,DEF
256387,DEF
256446,DEF
257991,DEF
258052,DEF
258288,DEF
259380,DEF
259329,DEF
259476,DEF
259526,DEF
259568,DEF
260732,DEF
261024,DEF
234393,DEF
245435,DEF
246194,DEF
246243,DEF
246269,DEF
251737,DEF
251771,DEF
252142,DEF
252198,DEF
254959,DEF
255664,DEF
255623,DEF
256606,DEF
255704,DEF
256754,DEF
256786,DEF
258228,DEF
258309,DEF
258363,DEF
258462,DEF
258474,DEF
259509,DEF
259566,DEF
259629,DEF
260967,DEF
261110,DEF
241454,DEF
243130,DEF
247899,DEF
247491,DEF
252251,DEF
252733,DEF
255049,DEF
255403,DEF
255322,DEF
255480,DEF
256173,DEF
256217,DEF
256369,DEF
256473,DEF
257285,DEF
257482,DEF
257487,DEF
257636,DEF
257699,DEF
259032,DEF
259144,DEF
259167,DEF
260423,DEF
260625,DEF
260689,DEF
182471,DEF
184492,DEF
208932,DEF
212069,DEF
239895,DEF
240518,DEF
240609,DEF
248047,DEF
248322,DEF
248836,DEF
253099,DEF
255501,DEF
255460,DEF
255637,DEF
256176,DEF
256192,DEF
256186,DEF
256193,DEF
256532,DEF
257476,DEF
257553,DEF
257641,DEF
257815,DEF
259092,DEF
260163,DEF
260490,DEF
260503,DEF
260997,DEF
261114,DEF
261234,DEF
261429,DEF
222185,DEF
224550,DEF
234301,DEF
234950,DEF
235786,DEF
238715,DEF
243025,DEF
243102,DEF
243128,DEF
243216,DEF
246080,DEF
246601,DEF
246915,DEF
246990,DEF
251170,DEF
251199,DEF
251239,DEF
251301,DEF
252498,DEF
255345,DEF
256263,DEF
257310,DEF
257330,DEF
257342,DEF
259026,DEF
259128,DEF
259091,DEF
259185,DEF
260016,DEF
260302,DEF
261515,DEF
261520,DEF
237204,DEF
237969,DEF
241343,DEF
241599,DEF
241825,DEF
244207,DEF
244328,DEF
245026,DEF
245142,DEF
247095,DEF
247121,DEF
247196,DEF
247259,DEF
251164,DEF
251224,DEF
251261,DEF
251273,DEF
251275,DEF
252758,DEF
252879,DEF
254649,DEF
255003,DEF
255061,DEF
255157,DEF
255877,DEF
255902,DEF
255936,DEF
255883,DEF
257142,DEF
256975,DEF
257178,DEF
257173,DEF
258211,DEF
258517,DEF
258539,DEF
259163,DEF
259229,DEF
259355,DEF
260416,DEF
260431,DEF
260467,DEF
261312,DEF
210987,DEF
210854,DEF
229368,DEF
231026,DEF
231065,DEF
231346,DEF
235975,DEF
236762,DEF
236662,DEF
239735,DEF
239906,DEF
242106,DEF
242300,DEF
242302,DEF
242754,DEF
244179,DEF
244511,DEF
244746,DEF
244883,DEF
247421,DEF
247532,DEF
247550,DEF
247428,DEF
251018,DEF
251093,DEF
251369,DEF
252374,DEF
252506,DEF
252535,DEF
254394,DEF
254399,DEF
254680,DEF
254693,DEF
255675,DEF
255776,DEF
255755,DEF
255868,DEF
256673,DEF
256499,DEF
256743,DEF
256889,DEF
257631,DEF
257906,DEF
258635,DEF
259116,DEF
259190,DEF
259271,DEF
259398,DEF
260378,DEF
260382,DEF
260418,DEF
260930,DEF
260959,DEF
261026,DEF
261030,DEF
261198,DEF
184714,DEF
209324,DEF
211806,DEF
215204,DEF
215997,DEF
229114,DEF
229192,DEF
229393,DEF
230081,DEF
236012,DEF
236234,DEF
236550,DEF
236746,DEF
237208,DEF
237171,DEF
240486,DEF
237381,DEF
243167,DEF
243173,DEF
245649,DEF
245689,DEF
245729,DEF
248063,DEF
251091,DEF
251316,DEF
251506,DEF
252219,DEF
252163,DEF
252223,DEF
252295,DEF
252337,DEF
252510,DEF
254135,DEF
255247,DEF
255391,DEF
256002,DEF
256024,DEF
256022,DEF
256886,DEF
256980,DEF
256982,DEF
257806,DEF
257822,DEF
257859,DEF
257920,DEF
258477,DEF
258570,DEF
258684,DEF
259418,DEF
259360,DEF
259420,DEF
259444,DEF
260420,DEF
260528,DEF
261233,DEF
260477,DEF
177597,DEF
200061,DEF
206332,DEF
216111,DEF
219486,DEF
218292,DEF
223069,DEF
224188,DEF
224466,DEF
224675,DEF
225251,DEF
230014,DEF
230073,DEF
232449,DEF
232565,DEF
232566,DEF
232904,DEF
236222,DEF
236485,DEF
238755,DEF
238904,DEF
239173,DEF
239192,DEF
239275,DEF
241134,DEF
241853,DEF
243178,DEF
244578,DEF
244677,DEF
244671,DEF
245981,DEF
247685,DEF
251523,DEF
252707,DEF
253025,DEF
254140,DEF
254480,DEF
254509,DEF
255091,DEF
255146,DEF
255151,DEF
255174,DEF
255318,DEF
255365,DEF
255874,DEF
255879,DEF
255899,DEF
255952,DEF
256000,DEF
256723,DEF
256727,DEF
256725,DEF
256792,DEF
257010,DEF
257013,DEF
257541,DEF
257621,DEF
258184,DEF
258181,DEF
258191,DEF
258229,DEF
258359,DEF
258910,DEF
258934,DEF
258984,DEF
258945,DEF
259461,DEF
259598,DEF
260575,DEF
260577,DEF
261178,DEF
261338,DEF
261417,DEF
168913,DEF
261446,DEF
183025,DEF
200319,DEF
200658,DEF
201921,DEF
202727,DEF
202932,DEF
220819,DEF
221277,DEF
224998,DEF
225198,DEF
225280,DEF
228152,DEF
228658,DEF
232403,DEF
232506,DEF
235004,DEF
235064,DEF
235267,DEF
235597,DEF
235421,DEF
236785,DEF
236890,DEF
237699,DEF
238969,DEF
239189,DEF
240745,DEF
240772,DEF
240664,DEF
241048,DEF
242282,DEF
242710,DEF
244886,DEF
245622,DEF
245481,DEF
245822,DEF
246278,DEF
247755,DEF
247780,DEF
247905,DEF
248073,DEF
248025,DEF
251028,DEF
251048,DEF
251054,DEF
251081,DEF
251167,DEF
251743,DEF
251848,DEF
252073,DEF
252302,DEF
252421,DEF
252424,DEF
254188,DEF
254191,DEF
254765,DEF
254820,DEF
254905,DEF
255721,DEF
255887,DEF
256859,DEF
256942,DEF
257335,DEF
258218,DEF
258273,DEF
259054,DEF
259153,DEF
259178,DEF
259974,DEF
260217,DEF
261169,DEF
261560,DEF
160142,DEF
169389,DEF
182156,DEF
182474,DEF
183122,DEF
182681,DEF
183549,DEF
184467,DEF
197883,DEF
202103,DEF
203428,DEF
208095,DEF
208168,DEF
208590,DEF
208813,DEF
210986,DEF
211228,DEF
213797,DEF
213765,DEF
216106,DEF
222300,DEF
222380,DEF
222282,DEF
222624,DEF
222625,DEF
222822,DEF
222864,DEF
224257,DEF
227288,DEF
227913,DEF
228106,DEF
228191,DEF
229881,DEF
230068,DEF
230290,DEF
230179,DEF
230631,DEF
232106,DEF
232490,DEF
234173,DEF
234296,DEF
234412,DEF
232545,DEF
234639,DEF
235051,DEF
234677,DEF
236803,DEF
238588,DEF
238667,DEF
239681,DEF
239742,DEF
239746,DEF
241037,DEF
241214,DEF
241334,DEF
241379,DEF
241415,DEF
242863,DEF
242975,DEF
242980,DEF
243052,DEF
244529,DEF
246180,DEF
246228,DEF
246422,DEF
246433,DEF
247187,DEF
247286,DEF
247601,DEF
247611,DEF
250785,DEF
250945,DEF
250962,DEF
252471,DEF
252524,DEF
253118,DEF
253135,DEF
253362,DEF
253438,DEF
253462,DEF
254537,DEF
254590,DEF
255145,DEF
255225,DEF
255234,DEF
255906,DEF
255947,DEF
257267,DEF
257291,DEF
258178,DEF
258769,DEF
258746,DEF
258811,DEF
258871,DEF
258895,DEF
259323,DEF
259419,DEF
259480,DEF
259551,DEF
259569,DEF
260800,DEF
260874,DEF
261018,DEF
261084,DEF
155567,DEF
160065,DEF
169590,DEF
169912,DEF
171923,DEF
171970,DEF
172823,DEF
182398,DEF
182489,DEF
183477,DEF
183517,DEF
183784,DEF
183789,DEF
183993,DEF
189331,DEF
189695,DEF
190235,DEF
190486,DEF
193073,DEF
193113,DEF
200781,DEF
200844,DEF
201026,DEF
201337,DEF
201212,DEF
201277,DEF
201539,DEF
203500,DEF
203424,DEF
203851,DEF
204821,DEF
204495,DEF
205747,DEF
209784,DEF
210280,DEF
210392,DEF
210509,DEF
213434,DEF
213376,DEF
213665,DEF
217199,DEF
218633,DEF
221394,DEF
219492,DEF
221499,DEF
221831,DEF
222024,DEF
223502,DEF
223670,DEF
224270,DEF
224311,DEF
226179,DEF
226197,DEF
226232,DEF
229174,DEF
229194,DEF
229382,DEF
229856,DEF
231411,DEF
231535,DEF
231956,DEF
233196,DEF
231972,DEF
233175,DEF
233281,DEF
233457,DEF
233463,DEF
233467,DEF
234736,DEF
235166,DEF
234912,DEF
235277,DEF
235380,DEF
236591,DEF
236627,DEF
236750,DEF
236867,DEF
236870,DEF
238009,DEF
238226,DEF
238351,DEF
239597,DEF
239636,DEF
240616,DEF
239873,DEF
241978,DEF
241982,DEF
242184,DEF
243036,DEF
243177,DEF
243218,DEF
243241,DEF
244088,DEF
244106,DEF
244256,DEF
245979,DEF
247050,DEF
247213,DEF
247479,DEF
247648,DEF
248572,DEF
248772,DEF
251542,DEF
251672,DEF
251787,DEF
251880,DEF
252827,DEF
254022,DEF
255079,DEF
255099,DEF
255108,DEF
255273,DEF
255308,DEF
255352,DEF
256115,DEF
256128,DEF
257304,DEF
257318,DEF
257411,DEF
257956,DEF
258916,DEF
259064,DEF
258948,DEF
259067,DEF
259069,DEF
259117,DEF
260109,DEF
260183,DEF
260284,DEF
261364,DEF
122066,DEF
160195,DEF
180740,DEF
189208,DEF
181298,DEF
192285,DEF
189910,DEF
193206,DEF
193557,DEF
197953,DEF
197990,DEF
198497,DEF
198624,DEF
199080,DEF
202375,DEF
202465,DEF
202502,DEF
202533,DEF
202583,DEF
202926,DEF
205149,DEF
206489,DEF
215401,DEF
215738,DEF
215864,DEF
220532,DEF
220573,DEF
220772,DEF
220894,DEF
222420,DEF
222435,DEF
222477,DEF
222922,DEF
224793,DEF
224870,DEF
225955,DEF
226084,DEF
226174,DEF
228454,DEF
228456,DEF
228613,DEF
229865,DEF
229911,DEF
230236,DEF
230303,DEF
232291,DEF
232417,DEF
232476,DEF
233160,DEF
233092,DEF
233172,DEF
233535,DEF
234489,DEF
234846,DEF
236282,DEF
237704,DEF
239806,DEF
239949,DEF
240563,DEF
240685,DEF
240729,DEF
240902,DEF
240906,DEF
240921,DEF
241890,DEF
241935,DEF
242117,DEF
242196,DEF
242158,DEF
242800,DEF
243041,DEF
243739,DEF
243882,DEF
243939,DEF
244054,DEF
244118,DEF
244921,DEF
245331,DEF
246097,DEF
247140,DEF
247209,DEF
248768,DEF
248869,DEF
250916,DEF
251022,DEF
251479,DEF
251456,DEF
251534,DEF
252119,DEF
252087,DEF
252259,DEF
252318,DEF
253223,DEF
253348,DEF
254289,DEF
254416,DEF
256131,DEF
256125,DEF
256276,DEF
256307,DEF
257188,DEF
257191,DEF
257218,DEF
257225,DEF
258156,DEF
259456,DEF
259521,DEF
260718,DEF
260799,DEF
261141,DEF
166841,DEF
169465,DEF
171033,DEF
179646,DEF
179636,DEF
180903,DEF
181013,DEF
183527,DEF
182160,DEF
183486,DEF
183256,DEF
187093,DEF
182094,DEF
188207,DEF
188062,DEF
188985,DEF
188417,DEF
193123,DEF
193346,DEF
194035,DEF
198195,DEF
198630,DEF
199234,DEF
199440,DEF
199566,DEF
199741,DEF
201901,DEF
202014,DEF
202025,DEF
202073,DEF
202204,DEF
202164,DEF
202322,DEF
203733,DEF
204164,DEF
204644,DEF
205939,DEF
208675,DEF
208637,DEF
208739,DEF
208965,DEF
208968,DEF
208992,DEF
208999,DEF
209177,DEF
211144,DEF
211484,DEF
213444,DEF
215940,DEF
215990,DEF
216265,DEF
216467,DEF
220101,DEF
220669,DEF
220912,DEF
220943,DEF
221239,DEF
222168,DEF
222299,DEF
222337,DEF
223899,DEF
224094,DEF
224115,DEF
224130,DEF
225769,DEF
225869,DEF
228860,DEF
229733,DEF
229704,DEF
229930,DEF
230064,DEF
232843,DEF
232790,DEF
232901,DEF
232748,DEF
233987,DEF
234143,DEF
234163,DEF
234290,DEF
234293,DEF
235318,DEF
235771,DEF
235807,DEF
237160,DEF
237192,DEF
237226,DEF
237310,DEF
238263,DEF
238336,DEF
238375,DEF
238450,DEF
239269,DEF
239369,DEF
239492,DEF
239523,DEF
240530,DEF
240585,DEF
240913,DEF
242774,DEF
242722,DEF
243061,DEF
243995,DEF
244024,DEF
244946,DEF
244887,DEF
246834,DEF
246959,DEF
247026,DEF
251547,DEF
251635,DEF
251682,DEF
253030,DEF
254711,DEF
254719,DEF
256402,DEF
256539,DEF
258444,DEF
258768,DEF
260879,DEF
261400,DEF
162471,DEF
163303,DEF
178589,DEF
178767,DEF
179685,DEF
181381,DEF
186559,DEF
186970,DEF
189833,DEF
190122,DEF
190481,DEF
190597,DEF
194785,DEF
196436,DEF
196853,DEF
199277,DEF
199803,DEF
203095,DEF
203138,DEF
203237,DEF
203309,DEF
203328,DEF
205278,DEF
205352,DEF
203445,DEF
205593,DEF
208455,DEF
210742,DEF
211001,DEF
211002,DEF
212601,DEF
212493,DEF
212710,DEF
212932,DEF
213117,DEF
213152,DEF
214761,DEF
213321,DEF
216823,DEF
218175,DEF
218887,DEF
220940,DEF
219684,DEF
221664,DEF
221789,DEF
221767,DEF
223625,DEF
223908,DEF
224077,DEF
225266,DEF
227929,DEF
228069,DEF
229472,DEF
229488,DEF
229845,DEF
229815,DEF
230809,DEF
231013,DEF
231145,DEF
231212,DEF
232406,DEF
232513,DEF
232521,DEF
233424,DEF
233981,DEF
234016,DEF
235266,DEF
235441,DEF
235451,DEF
235520,DEF
235548,DEF
235590,DEF
236712,DEF
236650,DEF
236757,DEF
236846,DEF
236883,DEF
237023,DEF
237155,DEF
237721,DEF
237930,DEF
237916,DEF
239498,DEF
239552,DEF
240501,DEF
242284,DEF
243602,DEF
243619,DEF
244602,DEF
244656,DEF
244912,DEF
244935,DEF
244940,DEF
246289,DEF
246388,DEF
246390,DEF
246416,DEF
247539,DEF
247668,DEF
247667,DEF
247911,DEF
251193,DEF
251281,DEF
251405,DEF
251431,DEF
252304,DEF
252329,DEF
252489,DEF
252495,DEF
252739,DEF
254066,DEF
252675,DEF
254461,DEF
255781,DEF
255946,DEF
256098,DEF
256885,DEF
256674,DEF
257868,DEF
258025,DEF
258271,DEF
258306,DEF
135043,DEF
142756,DEF
144021,DEF
167663,DEF
167841,DEF
179742,DEF
179931,DEF
178565,DEF
184433,DEF
189938,DEF
189952,DEF
186116,DEF
190530,DEF
193411,DEF
193535,DEF
193768,DEF
194091,DEF
198235,DEF
198751,DEF
198856,DEF
199351,DEF
200845,DEF
204442,DEF
208158,DEF
208115,DEF
210240,DEF
210601,DEF
210706,DEF
212013,DEF
212095,DEF
212120,DEF
213933,DEF
217201,DEF
218345,DEF
218985,DEF
219670,DEF
219641,DEF
219461,DEF
221235,DEF
221506,DEF
222389,DEF
222773,DEF
223968,DEF
222930,DEF
224337,DEF
224483,DEF
226523,DEF
227990,DEF
228111,DEF
228383,DEF
228627,DEF
229817,DEF
230395,DEF
230485,DEF
230872,DEF
230984,DEF
232308,DEF
232377,DEF
232380,DEF
232397,DEF
232405,DEF
232577,DEF
233957,DEF
234007,DEF
234029,DEF
233763,DEF
234107,DEF
235059,DEF
236668,DEF
237749,DEF
237799,DEF
237823,DEF
238803,DEF
238830,DEF
239224,DEF
240938,DEF
240992,DEF
242052,DEF
242183,DEF
242209,DEF
242542,DEF
243834,DEF
243894,DEF
245022,DEF
245231,DEF
246298,DEF
246406,DEF
246459,DEF
246659,DEF
248018,DEF
248174,DEF
251754,DEF
252865,DEF
253177,DEF
254055,DEF
254200,DEF
254397,DEF
256035,DEF
256658,DEF
258407,DEF
159067,DEF
159034,DEF
171189,DEF
171321,DEF
172555,DEF
173533,DEF
182001,DEF
181436,DEF
182409,DEF
186139,DEF
186101,DEF
186578,DEF
186595,DEF
186882,DEF
189944,DEF
190094,DEF
190494,DEF
190583,DEF
190664,DEF
190592,DEF
193688,DEF
199683,DEF
201403,DEF
201681,DEF
201886,DEF
203265,DEF
203398,DEF
203850,DEF
205669,DEF
205673,DEF
205874,DEF
205926,DEF
206062,DEF
206106,DEF
206207,DEF
208977,DEF
206313,DEF
209196,DEF
208989,DEF
209417,DEF
211243,DEF
213694,DEF
214386,DEF
215574,DEF
216271,DEF
219937,DEF
219957,DEF
219969,DEF
222636,DEF
223727,DEF
223981,DEF
224021,DEF
226152,DEF
226157,DEF
226237,DEF
228591,DEF
228674,DEF
228888,DEF
228897,DEF
230273,DEF
230357,DEF
230363,DEF
230372,DEF
232329,DEF
232627,DEF
232708,DEF
232711,DEF
234018,DEF
234025,DEF
233917,DEF
235215,DEF
235355,DEF
235450,DEF
235511,DEF
235519,DEF
236555,DEF
236758,DEF
237895,DEF
237936,DEF
237989,DEF
239608,DEF
239629,DEF
239696,DEF
239768,DEF
239822,DEF
239894,DEF
240027,DEF
241150,DEF
241811,DEF
243574,DEF
244648,DEF
244948,DEF
244970,DEF
247031,DEF
247197,DEF
247474,DEF
251287,DEF
251377,DEF
251413,DEF
251429,DEF
251532,DEF
253052,DEF
253364,DEF
256689,DEF
257229,DEF
257265,DEF
257620,DEF
54013,DEF
256692,DEF
121134,DEF
168317,DEF
169710,DEF
179731,DEF
180250,DEF
181971,DEF
182091,DEF
186518,DEF
187265,DEF
188616,DEF
191089,DEF
191153,DEF
192320,DEF
197996,DEF
200968,DEF
202693,DEF
202771,DEF
203139,DEF
203756,DEF
205089,DEF
205351,DEF
208088,DEF
208374,DEF
208422,DEF
210583,DEF
212680,DEF
212790,DEF
212939,DEF
215074,DEF
215086,DEF
215168,DEF
218208,DEF
218623,DEF
220826,DEF
220938,DEF
223139,DEF
223553,DEF
223734,DEF
227235,DEF
227412,DEF
228080,DEF
228205,DEF
229851,DEF
230824,DEF
231301,DEF
231413,DEF
232728,DEF
232826,DEF
236369,DEF
236530,DEF
237735,DEF
238497,DEF
237994,DEF
238505,DEF
238674,DEF
238759,DEF
238924,DEF
238941,DEF
238965,DEF
238945,DEF
240057,DEF
240050,DEF
240138,DEF
241872,DEF
241923,DEF
242041,DEF
242166,DEF
243552,DEF
243716,DEF
243521,DEF
243944,DEF
245894,DEF
247345,DEF
247623,DEF
248002,DEF
251703,DEF
251706,DEF
251775,DEF
252037,DEF
253400,DEF
254258,DEF
255137,DEF
258908,DEF
260989,DEF
261579,DEF
49674,DEF
165493,DEF
170039,DEF
182435,DEF
188058,DEF
190769,DEF
191005,DEF
191655,DEF
191572,DEF
194015,DEF
196932,DEF
196688,DEF
194846,DEF
199191,DEF
199568,DEF
199721,DEF
202530,DEF
202814,DEF
203423,DEF
204886,DEF
203304,DEF
205156,DEF
208507,DEF
208534,DEF
211557,DEF
211907,DEF
212454,DEF
214882,DEF
214777,DEF
216482,DEF
220649,DEF
221403,DEF
220915,DEF
223283,DEF
223402,DEF
223593,DEF
224987,DEF
225071,DEF
225114,DEF
225117,DEF
227530,DEF
227675,DEF
227667,DEF
227732,DEF
229537,DEF
229658,DEF
230387,DEF
230410,DEF
230415,DEF
230486,DEF
232692,DEF
232787,DEF
232883,DEF
232884,DEF
234579,DEF
234660,DEF
234716,DEF
234779,DEF
234284,DEF
234033,DEF
234020,DEF
232991,DEF
234059,DEF
230995,DEF
157305,DEF
148696,DEF
258775,DEF
141111,DEF
258573,DEF
256167,DEF
231258,DEF
230455,DEF
230214,DEF
159919,DEF
155964,DEF
156408,DEF
155886,DEF
151270,DEF
256079,DEF
255286,DEF
255190,DEF
255254,DEF
255233,DEF
255028,DEF
255218,DEF
254887,DEF
212950,DEF
212750,DEF
212683,DEF
212251,DEF
212158,DEF
210275,DEF
210209,DEF
205554,DEF
178140,DEF
179903,DEF
178211,DEF
166851,DEF
160220,DEF
118794,DEF
261347,DEF
261293,DEF
261190,DEF
261109,DEF
261053,DEF
261031,DEF
260982,DEF
244126,DEF
243881,DEF
243537,DEF
258562,DEF
258978,DEF
259078,DEF
259381,DEF
256758,DEF
256865,DEF
257130,DEF
252731,DEF
252880,DEF
253198,DEF
253190,DEF
253943,DEF
254492,DEF
241627,DEF
243257,DEF
243539,DEF
244958,DEF
246815,DEF
247498,DEF
247962,DEF
259432,DEF
259450,DEF
259597,DEF
260001,DEF
260111,DEF
260411,DEF
260113,DEF
260181,DEF
260429,DEF
260553,DEF
259383,DEF
257895,DEF
258003,DEF
257922,DEF
258661,DEF
258707,DEF
259042,DEF
252754,DEF
253770,DEF
254154,DEF
254298,DEF
255347,DEF
255765,DEF
246166,DEF
247718,DEF
257284,DEF
257494,DEF
259160,DEF
259437,DEF
246161,DEF
246411,DEF
247372,DEF
247224,DEF
248379,DEF
252643,DEF
252657,DEF
253186,DEF
253403,DEF
227973,DEF
253657,DEF
253682,DEF
255336,DEF
255551,DEF
255597,DEF
256062,DEF
257117,DEF
257493,DEF
257693,DEF
257934,DEF
257968,DEF
258682,DEF
247223,DEF
252757,DEF
257710,DEF
261566,DEF
251110,DEF
259158,DEF
259651,DEF
260469,DEF
254091,DEF
253763,DEF
255547,DEF
255261,DEF
255872,DEF
259756,DEF
259763,DEF
260428,DEF
260880,DEF
252609,DEF
256438,DEF
259258,DEF
259262,DEF
261432,DEF
248664,DEF
250935,DEF
252419,DEF
255806,DEF
256221,DEF
256174,DEF
257568,DEF
257836,DEF
257935,DEF
257674,DEF
258537,DEF
259870,DEF
260250,DEF
245174,DEF
159979,DEF
159995,DEF
160031,DEF
159954,DEF
159918,DEF
170320,DEF
189908,DEF
189354,DEF
189177,DEF
226324,DEF
233746,DEF
245872,DEF
226997,DEF
226330,DEF
226333,DEF
226301,DEF
226308,DEF
233748,DEF
226968,DEF
232075,DEF
227318,DEF
227316,DEF
226975,DEF
235659,DEF
233747,DEF
227241,DEF
227018,DEF
227257,DEF
226325,DEF
258310,DEF
246272,DEF
248715,DEF
227101,DEF
227119,DEF
227330,DEF
226922,DEF
227281,DEF
227410,DEF
238257,DEF
245188,DEF
245824,DEF
240030,DEF
233337,DEF
236479,DEF
245197,DEF
233838,DEF
226354,DEF
226998,DEF
227112,DEF
227262,DEF
244302,DEF
227776,DEF
233756,DEF
245186,DEF
245833,DEF
226991,DEF
227452,DEF
227775,DEF
233342,DEF
245879,DEF
245178,DEF
245181,DEF
245889,DEF
247116,DEF
226932,DEF
227111,DEF
227120,DEF
227201,DEF
227368,DEF
242829,DEF
236648,DEF
241667,DEF
245888,DEF
259485,DEF
226913,DEF
227348,DEF
227404,DEF
235594,DEF
227780,DEF
237288,DEF
245201,DEF
245825,DEF
245885,DEF
227116,DEF
247512,DEF
261093,DEF
228724,DEF
233348,DEF
226964,DEF
227286,DEF
227453,DEF
227458,DEF
233322,DEF
227459,DEF
238280,DEF
227140,DEF
242025,DEF
241526,DEF
248728,DEF
245887,DEF
226927,DEF
233200,DEF
233759,DEF
239124,DEF
261091,DEF
247531,DEF
256422,DEF
258940,DEF
227590,DEF
243054,DEF
247535,DEF
261090,DEF
241565,DEF
244058,DEF
247809,DEF
247811,DEF
256251,DEF
254564,DEF
231637,DEF
244303,DEF
